{"train/epoch": 5, "train/loss": 1.5454341700819672, "train/acc": 35.95030737704918, "train/F1(macro)": 0.15107086891095275, "eval/acc": 0.5039339857992707, "eval/F1(macro)": 0.28926792237565135, "eval/best_F1": 0.3202667954628248, "_runtime": 429, "_timestamp": 1638200202, "_step": 4}