{"train/epoch": 4, "train/loss": 1.5688661479657113, "train/acc": 34.58930399181167, "train/F1(macro)": 0.14437364312471068, "eval/acc": 0.46900786797159855, "eval/F1(macro)": 0.2792125191112515, "eval/best_F1": 0.262536830142013, "_runtime": 380, "_timestamp": 1638199508, "_step": 3}