{"train/epoch": 10, "train/loss": NaN, "train/acc": 7.4731045081967205, "train/F1(macro)": 0.02317821605195734, "eval/acc": 0.07464977931299174, "eval/F1(macro)": 0.023154761904761904, "eval/best_F1": 0.023154761904761904, "_runtime": 853, "_timestamp": 1638196333, "_step": 9, "_wandb": {"runtime": 881}}